comparison,family,claim,left_model,left_method,right_model,right_method,n_overlap,n_left_only,n_right_only,n_negative,left_acc,right_acc,acc_diff,acc_diff_ci_low,acc_diff_ci_high,acc_sign_p,acc_left_better,acc_left_worse,left_hFPR,right_hFPR,hFPR_diff,hFPR_diff_ci_low,hFPR_diff_ci_high,hFPR_sign_p,hFPR_left_worse,hFPR_left_better,note
qwen_target0p20_vs_full,TextOCR-Hard,extreme-efficiency vs full,Qwen3-VL-8B,ours_target0p20,Qwen3-VL-8B,full,1000,0,0,500,0.793,0.787,0.006,-0.013,0.025,0.6137344676301637,52,46,0.224,0.236,-0.012,-0.04204999999999998,0.02,0.5189580031896701,27,33,
qwen_target0p20_vs_random,TextOCR-Hard,same-budget random,Qwen3-VL-8B,ours_target0p20,Qwen3-VL-8B,random0p20,1000,0,0,500,0.793,0.712,0.081,0.051,0.112,3.1648099306770354e-07,165,84,0.224,0.118,0.106,0.068,0.144,6.073393488182895e-08,75,22,
qwen_target0p20_vs_grid,TextOCR-Hard,same-budget spatial baseline,Qwen3-VL-8B,ours_target0p20,Qwen3-VL-8B,grid0p20,1000,0,0,500,0.793,0.7,0.093,0.062975,0.125,5.713732521329111e-09,174,81,0.224,0.108,0.116,0.08,0.152,1.4450157667487125e-10,72,14,
qwen_target0p20_vs_shuffled,TextOCR-Hard,same-score shuffled baseline,Qwen3-VL-8B,ours_target0p20,Qwen3-VL-8B,shuffled_score0p20,1000,0,0,500,0.793,0.718,0.075,0.046,0.106,1.7236030020743506e-06,159,84,0.224,0.122,0.102,0.064,0.138,7.245373680789788e-08,71,20,
qwen_target0p30_vs_full,TextOCR-Hard,quality point vs full,Qwen3-VL-8B,ours_target0p30,Qwen3-VL-8B,full,1000,0,0,500,0.798,0.787,0.011,-0.006,0.028,0.26042552589724044,45,34,0.222,0.236,-0.014,-0.042,0.014,0.39160291054749785,21,28,
qwen_target0p30_vs_fastv_proxy,TextOCR-Hard,proxy baseline,Qwen3-VL-8B,ours_target0p30,Qwen3-VL-8B,FastV/TopV-style proxy0p30,1000,0,0,500,0.798,0.757,0.041,0.02,0.063,0.0003871551339548432,85,44,0.222,0.182,0.04,0.01,0.07,0.011928139715763116,39,19,
qwen_target0p30_vs_visionzip_proxy,TextOCR-Hard,proxy baseline,Qwen3-VL-8B,ours_target0p30,Qwen3-VL-8B,VisionZip-style proxy0p30,1000,0,0,500,0.798,0.77,0.028,0.007,0.05,0.011849889910578454,72,44,0.222,0.236,-0.014,-0.044,0.018,0.449962536290224,28,35,
qwen_target0p30_vs_grid,TextOCR-Hard,same-budget spatial baseline,Qwen3-VL-8B,ours_target0p30,Qwen3-VL-8B,grid0p30,1000,0,0,500,0.798,0.711,0.087,0.059,0.116,3.904349520741485e-09,153,66,0.222,0.164,0.058,0.024,0.09204999999999927,0.0014660719473423484,54,25,
qwen_target0p30_vs_random,TextOCR-Hard,same-budget random,Qwen3-VL-8B,ours_target0p30,Qwen3-VL-8B,random0p30,1000,0,0,500,0.798,0.733,0.065,0.03797500000000001,0.092,2.606530153656906e-06,127,62,0.222,0.184,0.038,0.004,0.072,0.03953953287797829,48,29,
qwen_target0p30_vs_shuffled,TextOCR-Hard,same-score shuffled baseline,Qwen3-VL-8B,ours_target0p30,Qwen3-VL-8B,shuffled_score0p30,1000,0,0,500,0.798,0.739,0.059,0.032,0.086,2.6043492139057433e-05,126,67,0.222,0.158,0.064,0.03,0.098,0.0004515172719147991,56,24,
llava_protected0p40_vs_full,TextOCR-Hard,evidence-protected vs full,LLaVA-1.5-7B,ours_protected_embed0p40,LLaVA-1.5-7B,full,1000,0,0,500,0.661,0.626,0.035,0.004,0.066,0.03166258811143633,143,108,0.298,0.304,-0.006,-0.052,0.038,0.8603106786164455,63,66,
llava_protected0p40_vs_embed_proxy,TextOCR-Hard,proxy baseline,LLaVA-1.5-7B,ours_protected_embed0p40,LLaVA-1.5-7B,FastV/TopV-style proxy0p40,1000,0,0,500,0.661,0.662,-0.001,-0.018,0.016,0.9999999999999745,37,38,0.298,0.316,-0.018,-0.044,0.008,0.2110235976087982,16,25,
llava_protected0p40_vs_grid,TextOCR-Hard,same-budget spatial baseline,LLaVA-1.5-7B,ours_protected_embed0p40,LLaVA-1.5-7B,grid0p40,1000,0,0,500,0.661,0.649,0.012,-0.019,0.042,0.4702578061777344,122,110,0.298,0.258,0.04,-0.002,0.082,0.07469253007977152,67,47,
llava_protected0p40_vs_random,TextOCR-Hard,same-budget random,LLaVA-1.5-7B,ours_protected_embed0p40,LLaVA-1.5-7B,random0p40,1000,0,0,500,0.661,0.66,0.001,-0.027,0.03,1.0,110,109,0.298,0.256,0.042,0.002,0.084,0.05266778129862197,64,43,
llava_protected0p40_vs_shuffled,TextOCR-Hard,same-score shuffled baseline,LLaVA-1.5-7B,ours_protected_embed0p40,LLaVA-1.5-7B,shuffled_score0p40,1000,0,0,500,0.661,0.653,0.008,-0.021,0.037,0.6385903392719201,115,107,0.298,0.278,0.02,-0.024,0.062,0.4114232202639149,65,55,
llava_protected0p40_vs_visionzip_official,TextOCR-Hard,official-algorithm port,LLaVA-1.5-7B,ours_protected_embed0p40,LLaVA-1.5-7B,VisionZip official-port0p40,1000,0,0,500,0.661,0.58,0.081,0.044,0.117,1.3524688005134736e-05,211,130,0.298,0.65,-0.352,-0.4,-0.304,1.8609789404217423e-38,18,194,
llava_protected0p40_vs_fastv_official,TextOCR-Hard,official-algorithm port,LLaVA-1.5-7B,ours_protected_embed0p40,LLaVA-1.5-7B,FastV official-port0p40,1000,0,0,500,0.661,0.5,0.161,0.122,0.203,4.491884628866456e-14,310,149,0.298,0.0,0.298,0.258,0.336,2.802596928649652e-45,149,0,
llava_protected0p40_vs_scope_official,TextOCR-Hard,box-assisted vs official-algorithm port,LLaVA-1.5-7B,ours_protected_embed0p40,LLaVA-1.5-7B,SCOPE official-port0p40,1000,0,0,500,0.661,0.598,0.063,0.031,0.094,0.00013070131139404645,164,101,0.298,0.508,-0.21,-0.254,-0.164,8.287332064057834e-18,27,132,
llava_target0p40_vs_scope_official,TextOCR-Hard,box-free vs official-algorithm port,LLaVA-1.5-7B,ours_target0p40,LLaVA-1.5-7B,SCOPE official-port0p40,1000,0,0,500,0.623,0.598,0.025,-0.005,0.055,0.12193099337113829,133,108,0.496,0.508,-0.012,-0.06,0.036,0.6832317601041615,72,78,
llava_scope0p40_vs_visionzip_official,TextOCR-Hard,recent vs legacy official-algorithm port,LLaVA-1.5-7B,SCOPE official-port0p40,LLaVA-1.5-7B,VisionZip official-port0p40,1000,0,0,500,0.598,0.58,0.018,-0.01,0.045,0.22924659725970195,109,91,0.508,0.65,-0.142,-0.186,-0.1,1.178445298472622e-10,27,98,
internvl_soft0p50_vs_full_cal,TextOCR-Hard calibrated-test,risk-constrained vs full,InternVL3.5-8B,ours_soft_evidence0p50_hfpr_cal,InternVL3.5-8B,full_cal,536,0,0,268,0.6473880597014925,0.6455223880597015,0.0018656716417910447,-0.041044776119402986,0.04477611940298507,0.9999999999999816,72,71,0.17537313432835822,0.30597014925373134,-0.13059701492537312,-0.19029850746268656,-0.06716417910447761,5.0622659111784246e-05,19,54,
internvl_soft0p50_vs_target0p50,TextOCR-Hard calibrated-test,soft evidence vs hard target,InternVL3.5-8B,ours_soft_evidence0p50_hfpr_cal,InternVL3.5-8B,target0p50_cal,536,0,0,268,0.6473880597014925,0.6399253731343284,0.007462686567164179,-0.0018656716417910447,0.018656716417910446,0.28906249999999944,6,2,0.17537313432835822,0.1791044776119403,-0.0037313432835820895,-0.018656716417910446,0.007462686567164179,1.0,1,2,
internvl_soft0p50_vs_grid,TextOCR-Hard calibrated-test,same-budget spatial baseline,InternVL3.5-8B,ours_soft_evidence0p50_hfpr_cal,InternVL3.5-8B,grid0p50_cal,536,0,0,268,0.6473880597014925,0.6473880597014925,0.0,-0.041044776119402986,0.041044776119402986,1.0,62,62,0.17537313432835822,0.2537313432835821,-0.07835820895522388,-0.13432835820895522,-0.022388059701492536,0.00864149968328186,19,40,
internvl_soft0p50_vs_random,TextOCR-Hard calibrated-test,same-budget random,InternVL3.5-8B,ours_soft_evidence0p50_hfpr_cal,InternVL3.5-8B,random0p50_cal,536,0,0,268,0.6473880597014925,0.6138059701492538,0.033582089552238806,-0.009328358208955223,0.07276119402985075,0.13262480132498247,73,55,0.17537313432835822,0.3358208955223881,-0.16044776119402984,-0.21641791044776118,-0.1044776119402985,1.0273195443540756e-07,12,55,
internvl_soft0p50_vs_shuffled,TextOCR-Hard calibrated-test,same-score shuffled baseline,InternVL3.5-8B,ours_soft_evidence0p50_hfpr_cal,InternVL3.5-8B,shuffled_score0p50_cal,536,0,0,268,0.6473880597014925,0.6343283582089553,0.013059701492537313,-0.022388059701492536,0.05037313432835821,0.5583942911655917,56,49,0.17537313432835822,0.1828358208955224,-0.007462686567164179,-0.055970149253731345,0.03731343283582089,0.8776143287523146,20,22,
internvl_soft0p50_vs_embed_proxy,TextOCR-Hard calibrated-test,proxy baseline,InternVL3.5-8B,ours_soft_evidence0p50_hfpr_cal,InternVL3.5-8B,FastV/TopV-style proxy0p50_cal,536,0,0,268,0.6473880597014925,0.6175373134328358,0.029850746268656716,-0.011194029850746268,0.07276119402985075,0.1881074840159012,73,57,0.17537313432835822,0.2462686567164179,-0.0708955223880597,-0.12686567164179105,-0.014925373134328358,0.02257497267325735,22,41,
llava_gsr_spatial_c35_vs_grid_same100,GSR-Bench spatial,spatial-aware stress,LLaVA-1.5-7B,spatial_c35_ctx25_0p40,LLaVA-1.5-7B,grid0p40,100,0,780,50,0.52,0.53,-0.01,-0.07,0.05,0.9999999999999973,4,5,0.94,0.9,0.04,-0.04,0.14,0.6875000000000016,4,2,
llava_gsr_spatial_c10_vs_grid_same100,GSR-Bench spatial,spatial-aware stress,LLaVA-1.5-7B,spatial_c10_ctx10_0p40,LLaVA-1.5-7B,grid0p40,100,0,780,50,0.53,0.53,0.0,-0.06,0.06,1.0,5,5,0.92,0.9,0.02,-0.08,0.12,1.0,4,3,
llava_gsr_spatial_c35_vs_direct_same100,GSR-Bench spatial,spatial-aware stress,LLaVA-1.5-7B,spatial_c35_ctx25_0p40,LLaVA-1.5-7B,direct_full,100,0,780,50,0.52,0.51,0.01,-0.03,0.05,1.0,3,2,0.94,0.94,0.0,-0.08,0.08,1.0,2,2,
internvl_gsr_spatial_c35_vs_grid_same100,GSR-Bench spatial,spatial-aware stress,InternVL3.5-8B,spatial_c35_ctx25_0p50,InternVL3.5-8B,grid0p50,100,0,780,50,0.55,0.53,0.02,-0.04,0.08,0.7539062499999989,6,4,0.68,0.68,0.0,-0.12,0.12,1.0,4,4,
internvl_gsr_spatial_c10_vs_grid_same100,GSR-Bench spatial,spatial-aware stress,InternVL3.5-8B,spatial_c10_ctx10_0p50,InternVL3.5-8B,grid0p50,100,0,780,50,0.53,0.53,0.0,-0.07,0.07,1.0,6,6,0.7,0.68,0.02,-0.1,0.14,1.0,6,5,
internvl_gsr_spatial_c35_vs_direct_same100,GSR-Bench spatial,spatial-aware stress,InternVL3.5-8B,spatial_c35_ctx25_0p50,InternVL3.5-8B,direct_full,100,0,780,50,0.55,0.71,-0.16,-0.25,-0.07975000000000364,0.0008554458618164027,3,19,0.68,0.42,0.26,0.12,0.42,0.002349853515625004,15,2,
internvl_gsr_spatial_c35_vs_target_same100,GSR-Bench spatial,spatial-aware stress,InternVL3.5-8B,spatial_c35_ctx25_0p50,InternVL3.5-8B,target_embed_topk0p50,100,0,780,50,0.55,0.57,-0.02,-0.12,0.07,0.8388197422027598,11,13,0.68,0.64,0.04,-0.12,0.2,0.8036193847656252,9,7,
